ts,machine,spindle_rpm,feed_rate,axis_x_pos,axis_y_pos,axis_z_pos,spindle_power,vib_x,vib_y,vib_z
2025-10-14T05:34:05Z,CNC-01,5381,800,188.143,46.361,-12.353,462.8,0.9769,0.8206,0.0727
2025-10-14T05:34:05Z,CNC-01,2973,1200,95.511,151.263,-2.136,623.2,0.604,0.0911,0.1226
2025-10-14T05:34:05Z,CNC-01,5401,500,28.428,80.379,-19.559,145.1,0.0971,0.4378,0.8505
2025-10-14T05:34:05Z,CNC-01,2524,1200,75.746,8.648,-17.578,568.0,0.6404,0.6701,0.8835
2025-10-14T05:34:05Z,CNC-01,5676,500,21.962,107.689,-4.584,496.5,0.9687,0.6733,0.7309
2025-10-14T05:34:05Z,CNC-01,1881,1200,122.06,149.918,-14.619,353.6,0.3089,0.5123,0.5659
2025-10-14T05:34:05Z,CNC-01,2981,800,73.492,46.772,-2.711,107.9,0.7143,0.8755,0.5645
2025-10-14T05:34:05Z,CNC-01,6479,500,61.971,33.603,-11.159,663.2,0.6239,0.6947,0.5341
2025-10-14T05:34:05Z,CNC-01,3199,800,183.827,45.758,-8.56,634.0,0.2593,0.435,0.2719
2025-10-14T05:34:05Z,CNC-01,4705,500,142.631,26.545,-15.272,374.8,0.2867,0.132,0.3168
2025-10-14T05:34:06Z,CNC-01,4084,800,147.815,23.972,-6.641,656.3,0.9899,0.5859,0.3543
2025-10-14T05:34:06Z,CNC-01,4539,1200,149.208,115.518,-10.21,758.2,0.8569,0.5457,0.0839
2025-10-14T05:34:06Z,CNC-01,5840,1200,162.28,60.608,-6.489,326.6,0.4138,0.5589,0.1435
2025-10-14T05:34:06Z,CNC-01,5392,800,15.674,165.021,-3.813,579.8,0.5489,0.9989,0.883
2025-10-14T05:34:06Z,CNC-01,5667,800,124.868,127.414,-12.543,567.0,0.5297,0.1237,0.7338
2025-10-14T05:34:06Z,CNC-01,1332,500,142.961,155.041,-10.973,776.2,0.6371,0.3198,0.7401
2025-10-14T05:34:06Z,CNC-01,6043,500,186.245,107.831,-10.702,187.5,0.8259,0.1088,0.4387
2025-10-14T05:34:06Z,CNC-01,5072,500,184.699,167.64,-6.439,562.6,0.1606,0.5116,0.4292
2025-10-14T05:34:06Z,CNC-01,4290,800,160.29,182.347,-6.846,720.1,0.0408,0.449,0.5406
2025-10-14T05:34:06Z,CNC-01,2183,500,68.258,9.704,-1.765,399.9,0.5693,0.8365,0.9501
2025-10-14T05:34:06Z,CNC-01,3035,800,32.103,9.57,-14.406,174.9,0.2027,0.648,0.2848
2025-10-14T05:34:06Z,CNC-01,3692,1200,52.318,68.722,-0.554,505.8,0.7413,0.7012,0.7302
2025-10-14T05:34:06Z,CNC-01,4740,800,76.747,110.317,-6.571,444.1,0.9889,0.8007,0.3433
2025-10-14T05:34:06Z,CNC-01,3275,500,47.899,154.538,-9.742,649.9,0.4141,0.6679,0.132
2025-10-14T05:34:06Z,CNC-01,2328,1200,162.866,2.657,-4.067,678.5,0.6597,0.3791,0.4551
2025-10-14T05:34:06Z,CNC-01,7041,1200,173.191,47.674,-5.612,540.2,0.5031,0.6577,0.7326
2025-10-14T05:34:06Z,CNC-01,1749,1200,146.651,180.516,-8.974,401.9,0.0395,0.5171,0.5499
2025-10-14T05:34:06Z,CNC-01,4956,1200,28.14,102.871,-14.518,562.5,0.2136,0.8651,0.8895
2025-10-14T05:34:06Z,CNC-01,2664,500,28.549,175.651,-17.091,489.5,0.1979,0.5797,0.4619
2025-10-14T05:34:07Z,CNC-01,4177,1200,87.288,67.886,-9.199,160.6,0.2293,0.5192,0.8253
2025-10-14T05:34:07Z,CNC-01,6244,800,128.221,178.577,-9.297,733.6,0.14,0.5689,0.8331
2025-10-14T05:34:07Z,CNC-01,6457,800,187.69,97.528,-17.075,694.1,0.9825,0.1604,0.7511
2025-10-14T05:34:07Z,CNC-01,6884,800,61.149,27.07,-8.132,244.8,0.575,0.2438,0.3069
2025-10-14T05:34:07Z,CNC-01,1697,800,198.877,187.769,-9.293,609.0,0.4235,0.6464,0.4266
2025-10-14T05:34:07Z,CNC-01,3235,500,197.759,89.767,-2.717,629.7,0.9536,0.0906,0.9597
2025-10-14T05:34:07Z,CNC-01,1597,500,13.042,101.909,-15.331,508.1,0.5822,0.3188,0.8295
2025-10-14T05:34:07Z,CNC-01,2239,500,90.58,14.341,-15.822,129.5,0.1817,0.2425,0.6009
2025-10-14T05:34:07Z,CNC-01,5377,500,188.345,176.179,-5.592,681.7,0.127,0.2027,0.2139
2025-10-14T05:34:07Z,CNC-01,3304,1200,196.978,57.085,-1.697,194.1,0.2199,0.5363,0.9693
2025-10-14T05:34:07Z,CNC-01,7142,500,100.021,193.037,-3.81,363.2,0.4163,0.7965,0.5298
2025-10-14T05:34:07Z,CNC-01,1337,800,117.905,121.22,-18.25,505.9,0.8246,0.2174,0.9193
2025-10-14T05:34:07Z,CNC-01,2865,1200,161.93,152.932,-2.735,445.5,0.7345,0.7062,0.5172
2025-10-14T05:34:07Z,CNC-01,3262,1200,167.561,164.939,-14.188,674.7,0.0767,0.5655,0.6167
2025-10-14T05:34:07Z,CNC-01,3157,800,106.763,5.185,-14.174,166.2,0.4685,0.7574,0.4964
2025-10-14T05:34:07Z,CNC-01,4649,1200,181.025,152.033,-15.056,790.9,0.1364,0.5037,0.8844
2025-10-14T05:34:07Z,CNC-01,3866,500,95.703,61.655,-12.504,705.0,0.348,0.8594,0.3887
2025-10-14T05:34:07Z,CNC-01,5032,500,50.265,109.704,-15.937,444.8,0.3253,0.6808,0.8387
2025-10-14T05:34:07Z,CNC-01,7181,500,155.178,197.931,-2.529,545.8,0.3152,0.7764,0.2176
2025-10-14T05:34:08Z,CNC-01,7142,500,175.842,199.012,-11.974,304.4,0.4824,0.3225,0.3389
2025-10-14T05:34:08Z,CNC-01,4099,1200,100.514,50.362,-6.222,634.6,0.1217,0.7284,0.0951
2025-10-14T05:34:08Z,CNC-01,2943,800,53.177,165.168,-6.127,262.5,0.4703,0.7588,0.0144
2025-10-14T05:34:08Z,CNC-01,6332,1200,94.946,9.18,-9.523,259.6,0.2571,0.6152,0.6932
2025-10-14T05:34:08Z,CNC-01,5784,500,11.115,103.853,-13.883,244.6,0.5147,0.6305,0.4069
2025-10-14T05:34:08Z,CNC-01,2944,1200,155.073,55.129,-17.85,581.1,0.1909,0.7468,0.5177
2025-10-14T05:34:08Z,CNC-01,4895,1200,61.702,59.978,-2.521,689.1,0.4974,0.9772,0.9265
2025-10-14T05:34:08Z,CNC-01,5382,1200,188.886,94.189,-3.024,703.6,0.8809,0.8735,0.6046
2025-10-14T05:34:08Z,CNC-01,4875,800,66.809,81.327,-4.583,326.8,0.6208,0.0865,0.0224
2025-10-14T05:34:08Z,CNC-01,3239,800,179.805,190.105,-8.603,626.9,0.8507,0.7249,0.2757
2025-10-14T05:34:08Z,CNC-01,2262,1200,59.398,199.685,-0.539,775.3,0.6581,0.0733,0.425
2025-10-14T05:34:08Z,CNC-01,4364,1200,122.757,48.061,-3.689,446.5,0.4418,0.9042,0.7457
2025-10-14T05:34:08Z,CNC-01,3005,1200,10.511,68.663,-6.872,575.6,0.2412,0.1303,0.1843
2025-10-14T05:34:08Z,CNC-01,3469,800,110.054,157.278,-6.022,443.8,0.9588,0.6935,0.1109
2025-10-14T05:34:08Z,CNC-01,6123,800,162.846,31.908,-0.019,343.8,0.8699,0.7394,0.3705
2025-10-14T05:34:08Z,CNC-01,6854,800,5.744,33.404,-9.393,634.9,0.0054,0.1577,0.3076
2025-10-14T05:34:08Z,CNC-01,1755,800,29.755,103.553,-15.724,504.2,0.8938,0.6556,0.2466
2025-10-14T05:34:08Z,CNC-01,1859,500,163.275,18.509,-4.8,512.9,0.3588,0.0755,0.8906
2025-10-14T05:34:08Z,CNC-01,2861,800,188.21,161.087,-14.122,763.5,0.8965,0.384,0.9288
2025-10-14T05:34:09Z,CNC-01,3188,1200,10.183,187.93,-0.818,719.1,0.1914,0.8774,0.6817
2025-10-14T05:34:09Z,CNC-01,7132,1200,87.331,123.098,-3.73,636.6,0.9863,0.3372,0.8246
2025-10-14T05:34:09Z,CNC-01,5868,800,129.023,30.594,-1.128,612.4,0.0084,0.9049,0.2616
2025-10-14T05:34:09Z,CNC-01,6001,800,110.411,101.359,-11.146,779.9,0.9858,0.3078,0.6968
2025-10-14T05:34:09Z,CNC-01,6254,800,166.689,139.674,-9.367,255.9,0.0172,0.9438,0.6179
2025-10-14T05:34:09Z,CNC-01,4932,800,40.252,11.286,-16.068,727.2,0.979,0.677,0.6985
2025-10-14T05:34:09Z,CNC-01,1265,800,49.783,88.366,-12.711,187.2,0.9089,0.6976,0.1098
2025-10-14T05:34:09Z,CNC-01,2617,1200,172.088,124.527,-19.113,508.0,0.7136,0.4529,0.1718
2025-10-14T05:34:09Z,CNC-01,3238,800,150.143,158.396,-8.835,291.6,0.4073,0.9045,0.2564
2025-10-14T05:34:09Z,CNC-01,5544,500,192.505,80.665,-0.36,413.2,0.5873,0.7749,0.7239
2025-10-14T05:34:09Z,CNC-01,2297,500,95.244,84.305,-15.098,309.0,0.4763,0.0439,0.9776
2025-10-14T05:34:09Z,CNC-01,7123,800,125.675,185.72,-6.754,468.9,0.0189,0.8065,0.6624
2025-10-14T05:34:09Z,CNC-01,6090,800,100.503,144.449,-11.476,595.7,0.2886,0.3888,0.76
2025-10-14T05:34:09Z,CNC-01,4006,500,49.152,17.221,-16.904,173.2,0.2286,0.7584,0.3497
2025-10-14T05:34:09Z,CNC-01,2320,800,40.97,141.774,-17.791,363.9,0.0054,0.3435,0.9266
2025-10-14T05:34:09Z,CNC-01,1823,800,54.865,116.241,-17.718,241.8,0.9942,0.5748,0.0357
2025-10-14T05:34:09Z,CNC-01,5192,1200,32.393,167.294,-8.926,743.8,0.6113,0.5348,0.8104
2025-10-14T05:34:09Z,CNC-01,5122,500,42.701,125.969,-9.301,201.1,0.2895,0.3071,0.0772
2025-10-14T05:34:10Z,CNC-01,1426,800,122.697,43.689,-5.317,783.9,0.1943,0.8858,0.8302
2025-10-14T05:34:10Z,CNC-01,3432,800,35.96,7.024,-19.26,142.9,0.9721,0.2397,0.9309
2025-10-14T05:34:10Z,CNC-01,6210,500,41.734,160.21,-18.304,714.3,0.7297,0.8922,0.4727
2025-10-14T05:34:10Z,CNC-01,3767,500,184.163,197.811,-14.196,713.0,0.3349,0.4936,0.077
2025-10-14T05:34:10Z,CNC-01,4527,1200,96.91,59.599,-0.728,740.0,0.2151,0.5774,0.6138
2025-10-14T05:34:10Z,CNC-01,5135,800,126.935,180.517,-13.071,503.7,0.7089,0.5294,0.4037
2025-10-14T05:34:10Z,CNC-01,6649,800,160.541,88.903,-16.604,369.6,0.3636,0.3589,0.6789
2025-10-14T05:34:10Z,CNC-01,1844,800,101.071,121.717,-10.52,559.3,0.8453,0.9542,0.1112
2025-10-14T05:34:10Z,CNC-01,2466,1200,94.02,182.368,-13.993,250.5,0.8675,0.7091,0.1086
2025-10-14T05:34:10Z,CNC-01,6368,1200,141.832,103.884,-10.505,574.7,0.7175,0.6315,0.1459
2025-10-14T05:34:10Z,CNC-01,7077,500,51.721,139.751,-15.385,755.5,0.403,0.2767,0.8775
2025-10-14T05:34:10Z,CNC-01,6147,800,104.659,141.707,-19.968,705.1,0.2207,0.9038,0.8678
2025-10-14T05:34:10Z,CNC-01,3658,500,177.403,62.803,-17.969,631.7,0.4107,0.0032,0.4901
2025-10-14T05:34:10Z,CNC-01,6343,1200,169.103,69.824,-4.25,500.7,0.3374,0.8728,0.9213
2025-10-14T05:34:10Z,CNC-01,5908,800,104.641,52.282,-13.759,444.5,0.4621,0.6969,0.4759
2025-10-14T05:34:10Z,CNC-01,1000,500,65.825,8.393,-16.4,521.3,0.2274,0.1059,0.3014
2025-10-14T05:34:10Z,CNC-01,1143,500,73.976,169.579,-12.119,141.9,0.6627,0.7555,0.0438
2025-10-14T05:34:10Z,CNC-01,5454,500,169.726,85.668,-13.593,330.5,0.1024,0.3586,0.4813
2025-10-14T05:34:10Z,CNC-01,2009,500,168.243,155.574,-10.574,418.3,0.6761,0.2956,0.6481
2025-10-14T05:34:11Z,CNC-01,4029,500,80.003,186.019,-13.314,702.6,0.9349,0.6809,0.4599
2025-10-14T05:34:11Z,CNC-01,4570,1200,128.949,6.791,-15.384,649.6,0.4364,0.3108,0.3943
2025-10-14T05:34:11Z,CNC-01,5886,1200,145.582,64.33,-17.922,389.2,0.7431,0.9164,0.5399
2025-10-14T05:34:11Z,CNC-01,6059,1200,15.085,73.785,-3.227,761.2,0.13,0.6997,0.4357
2025-10-14T05:34:11Z,CNC-01,5012,500,115.636,149.446,-13.471,658.4,0.2767,0.5326,0.8802
2025-10-14T05:34:11Z,CNC-01,3218,500,21.572,77.716,-8.513,606.3,0.9005,0.309,0.5822
2025-10-14T05:34:11Z,CNC-01,3504,1200,112.613,104.272,-19.561,730.4,0.0186,0.9944,0.8216
2025-10-14T05:34:11Z,CNC-01,3582,800,110.879,13.508,-19.67,205.6,0.8488,0.5725,0.6314
2025-10-14T05:34:11Z,CNC-01,2055,500,112.616,59.212,-12.978,113.6,0.0068,0.9605,0.4418
2025-10-14T05:34:11Z,CNC-01,6449,800,151.823,90.268,-3.782,147.8,0.4151,0.4536,0.3139
2025-10-14T05:34:11Z,CNC-01,2113,800,90.472,78.401,-5.716,361.1,0.0276,0.9113,0.4489
2025-10-14T05:34:11Z,CNC-01,2507,500,35.698,133.358,-5.484,488.6,0.58,0.19,0.0831
2025-10-14T05:34:11Z,CNC-01,5476,500,178.457,120.214,-8.811,242.6,0.1993,0.2755,0.9451
2025-10-14T05:34:11Z,CNC-01,2156,500,151.386,152.826,-16.221,733.9,0.9179,0.942,0.099
2025-10-14T05:34:11Z,CNC-01,2283,800,44.968,195.264,-12.996,129.1,0.6646,0.1353,0.0633
2025-10-14T05:34:11Z,CNC-01,1891,800,174.559,64.081,-19.54,707.5,0.8652,0.0054,0.2098
2025-10-14T05:34:11Z,CNC-01,5777,800,160.473,59.584,-6.189,225.9,0.5008,0.9491,0.9934
2025-10-14T05:34:11Z,CNC-01,6915,500,45.529,138.593,-10.394,139.3,0.0338,0.6031,0.6225
2025-10-14T05:34:12Z,CNC-01,6787,1200,139.361,34.709,-3.564,670.2,0.889,0.9918,0.6962
2025-10-14T05:34:12Z,CNC-01,6308,1200,76.99,13.647,-2.596,332.2,0.4182,0.6776,0.0527
2025-10-14T05:34:12Z,CNC-01,5243,800,104.513,36.09,-17.221,120.3,0.5613,0.5168,0.8363
2025-10-14T05:34:12Z,CNC-01,2473,800,114.159,27.66,-17.792,405.4,0.0509,0.3661,0.8257
2025-10-14T05:34:12Z,CNC-01,3599,800,171.798,119.508,-9.786,517.2,0.7041,0.7689,0.6763
2025-10-14T05:34:12Z,CNC-01,4284,1200,42.922,80.756,-14.449,741.0,0.323,0.9788,0.3333
2025-10-14T05:34:12Z,CNC-01,5884,500,111.181,168.963,-1.324,465.8,0.0348,0.7024,0.2581
2025-10-14T05:34:12Z,CNC-01,5381,500,198.183,30.198,-12.88,319.0,0.7747,0.8899,0.4126
2025-10-14T05:34:12Z,CNC-01,2709,1200,196.584,145.92,-5.205,535.0,0.1009,0.7787,0.9462
2025-10-14T05:34:12Z,CNC-01,5305,500,30.214,149.153,-15.86,329.7,0.9403,0.3504,0.4281
2025-10-14T05:34:12Z,CNC-01,3324,500,33.728,128.321,-18.487,176.6,0.7172,0.6372,0.1342
2025-10-14T05:34:12Z,CNC-01,4393,500,191.519,36.784,-8.14,284.3,0.792,0.1428,0.4912
2025-10-14T05:34:12Z,CNC-01,3903,800,38.286,142.861,-1.003,272.8,0.1195,0.5054,0.3539
2025-10-14T05:34:12Z,CNC-01,5143,800,197.269,96.655,-5.535,481.5,0.606,0.9376,0.8513
2025-10-14T05:34:12Z,CNC-01,5316,800,96.424,18.946,-1.526,329.4,0.4509,0.2953,0.3984
2025-10-14T05:34:12Z,CNC-01,6356,1200,164.315,38.628,-12.788,574.6,0.4062,0.6519,0.8661
2025-10-14T05:34:12Z,CNC-01,3910,800,18.53,154.523,-18.316,271.1,0.4056,0.3154,0.0245
2025-10-14T05:34:12Z,CNC-01,4103,1200,125.558,152.027,-7.014,614.7,0.7512,0.4488,0.3045
2025-10-14T05:34:12Z,CNC-01,3628,500,6.331,183.422,-8.165,497.8,0.739,0.9596,0.988
2025-10-14T05:34:13Z,CNC-01,4086,500,47.215,147.157,-2.872,542.5,0.6135,0.927,0.2161
2025-10-14T05:34:13Z,CNC-01,6794,500,94.598,160.863,-14.562,502.7,0.5476,0.5407,0.3148
2025-10-14T05:34:13Z,CNC-01,4455,800,95.426,54.045,-6.29,702.2,0.7143,0.8104,0.5876
2025-10-14T05:34:13Z,CNC-01,4096,800,21.823,115.171,-3.709,224.6,0.6574,0.9447,0.5498
2025-10-14T05:34:13Z,CNC-01,6133,1200,117.865,0.531,-10.781,417.2,0.1509,0.7396,0.9017
2025-10-14T05:34:13Z,CNC-01,7006,1200,56.758,69.75,-1.786,462.2,0.3032,0.3306,0.7657
2025-10-14T05:34:13Z,CNC-01,1474,1200,63.472,116.88,-8.694,174.6,0.3245,0.2702,0.9599
2025-10-14T05:34:13Z,CNC-01,2255,500,55.854,5.15,-6.074,664.1,0.3157,0.3615,0.0814
2025-10-14T05:34:13Z,CNC-01,3995,800,166.746,132.368,-19.716,664.5,0.2266,0.473,0.0706
2025-10-14T05:34:13Z,CNC-01,1604,800,41.702,135.308,-3.794,319.7,0.9519,0.6309,0.959
2025-10-14T05:34:13Z,CNC-01,2419,800,170.317,97.678,-12.192,108.4,0.8992,0.3534,0.0241
2025-10-14T05:34:13Z,CNC-01,5137,800,164.353,180.164,-5.233,481.4,0.6274,0.7054,0.5846
2025-10-14T05:34:13Z,CNC-01,2469,800,44.243,111.426,-18.777,346.7,0.3174,0.3895,0.2849
2025-10-14T05:34:13Z,CNC-01,5062,800,160.792,118.697,-2.812,210.1,0.4229,0.4922,0.4881
2025-10-14T05:34:13Z,CNC-01,5972,800,186.727,77.738,-9.93,545.1,0.8915,0.2925,0.6632
2025-10-14T05:34:13Z,CNC-01,6255,500,149.318,189.183,-13.462,123.9,0.7384,0.5423,0.8516
2025-10-14T05:34:13Z,CNC-01,2760,1200,18.033,139.143,-3.833,729.0,0.1963,0.4261,0.6145
2025-10-14T05:34:13Z,CNC-01,5784,1200,184.265,190.432,-15.684,610.0,0.5636,0.1759,0.7451
2025-10-14T05:34:13Z,CNC-01,6801,1200,190.17,135.334,-12.029,469.0,0.2565,0.5187,0.7396
2025-10-14T05:34:14Z,CNC-01,2203,500,6.876,133.126,-6.675,698.3,0.2751,0.4073,0.7893
2025-10-14T05:34:14Z,CNC-01,1421,500,12.563,174.023,-1.739,338.3,0.4976,0.6147,0.7873
2025-10-14T05:34:14Z,CNC-01,4412,800,144.066,68.611,-4.475,382.5,0.5183,0.7324,0.1116
2025-10-14T05:34:14Z,CNC-01,4319,500,145.72,5.163,-16.3,656.4,0.0933,0.7838,0.5356
2025-10-14T05:34:14Z,CNC-01,7155,800,158.54,25.65,-1.532,443.0,0.4434,0.136,0.8003
2025-10-14T05:34:14Z,CNC-01,6700,800,12.222,20.468,-8.396,297.3,0.5524,0.966,0.0927
2025-10-14T05:34:14Z,CNC-01,2252,800,161.273,76.87,-19.034,737.4,0.2591,0.0607,0.9502
2025-10-14T05:34:14Z,CNC-01,3455,800,58.225,74.75,-9.697,653.0,0.7082,0.7306,0.4973
2025-10-14T05:34:14Z,CNC-01,4844,500,10.515,138.867,-14.531,414.1,0.8312,0.707,0.7199
2025-10-14T05:34:14Z,CNC-01,1064,800,177.362,36.452,-9.365,156.8,0.8244,0.0644,0.0836
2025-10-14T05:34:14Z,CNC-01,3956,1200,1.25,23.686,-2.85,284.5,0.0852,0.7537,0.3336
2025-10-14T05:34:14Z,CNC-01,1208,800,96.404,130.377,-2.522,339.8,0.6574,0.2733,0.6612
2025-10-14T05:34:14Z,CNC-01,1666,500,129.497,128.602,-0.145,552.8,0.4178,0.0684,0.3721
2025-10-14T05:34:14Z,CNC-01,5570,500,104.438,68.756,-16.05,300.5,0.6881,0.4515,0.1116
2025-10-14T05:34:14Z,CNC-01,5094,500,137.06,115.334,-0.463,527.1,0.5239,0.1944,0.2974
2025-10-14T05:34:14Z,CNC-01,1994,1200,110.351,68.514,-8.012,176.1,0.3161,0.645,0.268
2025-10-14T05:34:14Z,CNC-01,6526,1200,72.246,12.627,-2.308,304.2,0.2139,0.1616,0.2117
2025-10-14T05:34:14Z,CNC-01,6270,800,186.36,48.959,-9.392,338.1,0.411,0.8432,0.7102
2025-10-14T05:34:14Z,CNC-01,2528,800,181.307,122.625,-14.852,336.8,0.4506,0.3226,0.7803
2025-10-14T05:34:15Z,CNC-01,6434,500,98.853,66.6,-1.678,786.8,0.8269,0.2188,0.5554
2025-10-14T05:34:15Z,CNC-01,3649,800,114.477,188.566,-13.165,746.5,0.2358,0.167,0.8389
2025-10-14T05:34:15Z,CNC-01,6928,1200,103.146,74.19,-4.773,244.0,0.8496,0.2541,0.4614
2025-10-14T05:34:15Z,CNC-01,5546,500,166.872,194.738,-1.44,713.0,0.0159,0.5246,0.5635
2025-10-14T05:34:15Z,CNC-01,5446,800,157.838,44.179,-16.234,178.5,0.2336,0.8866,0.6611
2025-10-14T05:34:15Z,CNC-01,6049,1200,51.71,55.294,-19.656,366.7,0.814,0.2677,0.3323
2025-10-14T05:34:15Z,CNC-01,4470,800,86.614,168.468,-19.009,411.3,0.8804,0.1886,0.4559
2025-10-14T05:34:15Z,CNC-01,6423,1200,88.252,71.385,-1.699,518.9,0.0318,0.8521,0.7466
2025-10-14T05:34:15Z,CNC-01,1989,1200,44.231,48.512,-2.104,263.1,0.2021,0.7458,0.3771
2025-10-14T05:34:15Z,CNC-01,2983,1200,109.03,11.396,-11.712,452.5,0.0084,0.5385,0.704
2025-10-14T05:34:15Z,CNC-01,6204,800,139.128,93.416,-19.099,536.7,0.0959,0.6514,0.7008
2025-10-14T05:34:15Z,CNC-01,5147,1200,153.313,17.14,-10.812,292.0,0.7039,0.0105,0.9156
2025-10-14T05:34:15Z,CNC-01,3893,1200,156.174,165.444,-8.564,272.2,0.8507,0.3314,0.8347
2025-10-14T05:34:15Z,CNC-01,2828,800,23.115,53.601,-10.213,180.3,0.4868,0.642,0.0731
2025-10-14T05:34:15Z,CNC-01,2280,800,157.573,1.943,-0.228,688.6,0.8352,0.651,0.4301
2025-10-14T05:34:15Z,CNC-01,2363,500,38.594,116.612,-11.934,454.6,0.328,0.1788,0.9816
2025-10-14T05:34:15Z,CNC-01,2731,1200,150.5,148.132,-8.312,667.4,0.3826,0.9263,0.413
2025-10-14T05:34:15Z,CNC-01,1346,500,94.865,110.334,-19.487,493.6,0.2214,0.8494,0.3781
2025-10-14T05:34:15Z,CNC-01,3251,800,19.069,195.227,-14.238,570.2,0.595,0.4082,0.5943
2025-10-14T05:34:16Z,CNC-01,2739,1200,189.809,85.668,-12.606,780.0,0.5036,0.5025,0.7251
2025-10-14T05:34:16Z,CNC-01,6315,500,113.081,6.815,-13.07,346.6,0.6892,0.6639,0.1909
2025-10-14T07:28:40Z,CNC-01,5856,800,154.045,133.107,-2.326,764.7,0.8558,0.6648,0.6779
2025-10-14T07:28:40Z,CNC-01,1337,800,43.168,148.602,-6.727,418.8,0.2421,0.0251,0.347
2025-10-14T07:28:40Z,CNC-01,5394,500,85.099,52.918,-8.504,606.7,0.8431,0.8923,0.1276
2025-10-14T07:28:40Z,CNC-01,3086,500,191.008,101.871,-19.956,626.7,0.0632,0.566,0.2733
2025-10-14T07:28:40Z,CNC-01,2050,1200,119.793,52.045,-1.459,105.4,0.5451,0.109,0.2532
2025-10-14T07:28:40Z,CNC-01,3207,500,178.18,35.473,-12.631,188.0,0.4849,0.9731,0.5672
2025-10-14T07:28:40Z,CNC-01,4859,500,199.179,191.325,-1.754,651.3,0.291,0.033,0.9684
2025-10-14T07:28:40Z,CNC-01,2926,500,15.027,171.638,-4.944,323.0,0.5534,0.7099,0.2136
2025-10-14T07:28:40Z,CNC-01,4893,1200,76.001,55.391,-10.325,131.9,0.9678,0.2677,0.7704
2025-10-14T07:28:40Z,CNC-01,1964,1200,191.79,142.281,-15.451,199.8,0.4122,0.635,0.9556
2025-10-14T07:28:40Z,CNC-01,1574,800,0.608,76.676,-5.478,221.9,0.2827,0.4545,0.7442
2025-10-14T07:28:40Z,CNC-01,5214,1200,146.06,60.37,-11.964,328.4,0.4597,0.6433,0.6558
2025-10-14T07:28:40Z,CNC-01,1066,800,79.598,41.441,-4.012,507.8,0.2151,0.1539,0.2595
2025-10-14T07:28:40Z,CNC-01,5272,1200,123.35,148.86,-2.302,489.3,0.1955,0.8214,0.4788
2025-10-14T07:28:40Z,CNC-01,1264,800,5.571,87.874,-17.967,519.6,0.7113,0.9258,0.6091
2025-10-14T07:28:40Z,CNC-01,3521,500,187.901,8.833,-19.824,698.1,0.9379,0.2413,0.3159
2025-10-14T07:28:40Z,CNC-01,5181,500,130.954,75.365,-13.936,414.8,0.2256,0.5082,0.7042
2025-10-14T07:28:40Z,CNC-01,3325,800,168.721,5.539,-10.712,546.9,0.0406,0.4763,0.9239
2025-10-14T07:28:40Z,CNC-01,4130,500,49.908,41.325,-0.877,413.0,0.5814,0.5309,0.1769
2025-10-14T07:28:41Z,CNC-01,7084,800,192.663,44.452,-17.273,187.1,0.4181,0.2224,0.0272
2025-10-14T07:28:41Z,CNC-01,5230,800,7.351,92.463,-10.531,665.3,0.3263,0.0234,0.3713
2025-10-14T07:28:41Z,CNC-01,3376,800,71.158,146.931,-6.614,782.6,0.6575,0.0283,0.2687
2025-10-14T07:28:41Z,CNC-01,2015,500,48.798,187.285,-5.211,308.4,0.1276,0.2337,0.7109
2025-10-14T07:28:41Z,CNC-01,5129,500,7.868,175.19,-11.025,561.1,0.5576,0.101,0.4552
2025-10-14T07:28:41Z,CNC-01,5625,500,68.002,47.662,-14.255,143.7,0.25,0.3137,0.6271
2025-10-14T07:28:41Z,CNC-01,3490,800,126.899,88.304,-11.951,134.7,0.2094,0.7323,0.5563
2025-10-14T07:28:41Z,CNC-01,2470,500,117.152,83.563,-2.541,729.5,0.2399,0.9231,0.6741
2025-10-14T07:28:41Z,CNC-01,2718,800,98.928,6.486,-12.541,362.3,0.7574,0.9546,0.4051
2025-10-14T07:28:41Z,CNC-01,6242,1200,34.277,78.812,-11.592,478.4,0.0519,0.684,0.9491
2025-10-14T07:28:41Z,CNC-01,5591,500,139.864,17.77,-17.169,737.6,0.8941,0.2636,0.0483
2025-10-14T07:28:41Z,CNC-01,1559,1200,58.206,90.747,-2.272,390.6,0.6778,0.571,0.4145
2025-10-14T07:28:41Z,CNC-01,3381,1200,21.37,33.143,-18.894,209.6,0.9837,0.8358,0.7504
2025-10-14T07:28:41Z,CNC-01,1219,800,169.95,71.171,-6.707,788.5,0.1136,0.2981,0.6899
2025-10-14T07:28:41Z,CNC-01,1600,500,97.93,124.088,-6.698,752.7,0.6922,0.5449,0.4794
2025-10-14T07:28:41Z,CNC-01,6753,800,133.613,189.294,-5.754,422.1,0.9387,0.1416,0.5689
2025-10-14T07:28:41Z,CNC-01,3371,500,66.995,50.481,-9.865,180.3,0.684,0.5695,0.1057
2025-10-14T07:28:41Z,CNC-01,4953,800,161.802,64.739,-2.853,791.7,0.4198,0.6772,0.6994
2025-10-14T07:28:41Z,CNC-01,6138,1200,192.086,125.635,-14.802,503.1,0.8121,0.6794,0.7226
2025-10-14T07:28:41Z,CNC-01,1807,1200,94.253,63.408,-9.546,209.0,0.5092,0.8818,0.3253
2025-10-14T07:28:41Z,CNC-01,3879,800,145.552,143.799,-13.482,108.3,0.6762,0.8549,0.529
2025-10-14T07:28:41Z,CNC-01,6967,1200,89.256,18.207,-0.377,311.5,0.8731,0.9332,0.6104
2025-10-14T07:28:41Z,CNC-01,3771,1200,171.976,100.232,-7.034,544.8,0.9449,0.3507,0.5624
2025-10-14T07:28:41Z,CNC-01,2493,1200,58.175,86.041,-0.076,414.0,0.6412,0.7215,0.9551
2025-10-14T07:28:41Z,CNC-01,5779,500,30.037,156.139,-16.97,653.5,0.8288,0.9374,0.5692
2025-10-14T07:28:41Z,CNC-01,3449,800,32.425,122.625,-8.025,263.5,0.8428,0.7896,0.1008
2025-10-14T07:28:41Z,CNC-01,5686,500,78.592,173.462,-6.444,475.2,0.4577,0.0602,0.5653
2025-10-14T07:28:42Z,CNC-01,6110,1200,4.952,38.143,-0.972,278.0,0.8503,0.648,0.927
2025-10-14T07:28:42Z,CNC-01,3249,800,85.172,57.449,-15.372,182.0,0.1454,0.9813,0.9391
2025-10-14T07:28:42Z,CNC-01,1909,500,17.817,80.575,-3.886,410.3,0.7254,0.6579,0.8579
2025-10-14T07:28:42Z,CNC-01,4749,800,34.862,154.17,-3.287,517.7,0.8529,0.8094,0.442
2025-10-14T07:28:42Z,CNC-01,3650,500,129.238,180.865,-6.551,594.6,0.4213,0.9913,0.6243
2025-10-14T07:28:42Z,CNC-01,5103,1200,88.267,110.656,-12.8,444.8,0.6806,0.08,0.7113
2025-10-14T07:28:42Z,CNC-01,3759,500,155.24,176.783,-17.474,490.4,0.1181,0.584,0.6988
2025-10-14T07:28:42Z,CNC-01,4710,500,101.172,80.229,-1.109,559.7,0.7641,0.5226,0.9881
2025-10-14T07:28:42Z,CNC-01,5839,1200,4.374,74.502,-6.947,530.5,0.2519,0.7734,0.3525
2025-10-14T07:28:42Z,CNC-01,2954,500,128.929,80.371,-7.769,656.3,0.316,0.2524,0.4606
2025-10-14T07:28:42Z,CNC-01,3964,500,38.502,147.3,-12.246,281.9,0.2832,0.397,0.1332
2025-10-14T07:28:42Z,CNC-01,2353,1200,4.491,38.851,-2.177,261.9,0.2597,0.8321,0.4134
2025-10-14T07:28:42Z,CNC-01,5093,500,159.828,65.058,-10.983,579.1,0.9559,0.3169,0.4262
2025-10-14T07:28:42Z,CNC-01,3557,1200,134.907,138.141,-9.298,775.8,0.6643,0.8322,0.0706
2025-10-14T07:28:42Z,CNC-01,3268,500,17.754,77.637,-13.866,382.7,0.3266,0.7807,0.7521
2025-10-14T07:28:42Z,CNC-01,5758,500,105.474,139.779,-16.658,531.0,0.8289,0.0476,0.1155
2025-10-14T07:28:42Z,CNC-01,4231,800,198.909,123.481,-16.808,712.5,0.2902,0.1387,0.8968
2025-10-14T07:28:42Z,CNC-01,6232,1200,163.136,42.82,-6.559,766.8,0.9762,0.7131,0.3332
2025-10-14T07:28:42Z,CNC-01,6699,1200,9.514,69.26,-19.324,602.3,0.7029,0.4624,0.2832
2025-10-14T07:28:42Z,CNC-01,6557,1200,98.449,115.996,-1.453,571.8,0.1632,0.2222,0.3618
2025-10-14T07:28:42Z,CNC-01,1270,500,69.551,183.027,-1.735,571.3,0.4194,0.3685,0.776
2025-10-14T07:28:42Z,CNC-01,3220,500,93.385,157.755,-4.611,524.7,0.9363,0.4457,0.5025
2025-10-14T07:28:42Z,CNC-01,2688,500,156.348,56.664,-12.254,231.9,0.899,0.4568,0.5067
2025-10-14T07:28:42Z,CNC-01,3903,800,102.929,144.428,-6.695,372.9,0.0883,0.6214,0.4625
2025-10-14T07:28:42Z,CNC-01,5186,500,110.519,49.113,-10.767,352.9,0.1022,0.7874,0.4147
2025-10-14T07:28:42Z,CNC-01,5001,800,24.003,19.547,-19.105,706.6,0.1705,0.0161,0.027
2025-10-14T07:28:42Z,CNC-01,1537,1200,34.52,116.985,-6.405,594.6,0.0615,0.8947,0.4227
2025-10-14T07:28:43Z,CNC-01,2178,1200,115.998,44.844,-11.472,509.8,0.5646,0.8973,0.5713
2025-10-14T07:28:43Z,CNC-01,1975,500,164.17,7.96,-4.16,328.6,0.0918,0.4323,0.087
2025-10-14T07:28:43Z,CNC-01,4257,800,136.913,92.486,-1.255,193.5,0.7478,0.2297,0.5986
2025-10-14T07:28:43Z,CNC-01,3444,800,124.407,86.994,-10.064,132.8,0.5717,0.0755,0.2498
2025-10-14T07:28:43Z,CNC-01,5049,500,49.734,112.47,-16.482,727.6,0.1112,0.3436,0.6038
2025-10-14T07:28:43Z,CNC-01,2427,1200,76.535,175.309,-9.744,546.3,0.6237,0.0983,0.012
2025-10-14T07:28:43Z,CNC-01,6407,1200,108.254,40.054,-3.409,360.5,0.9182,0.5,0.0658
2025-10-14T07:28:43Z,CNC-01,1600,500,148.68,98.849,-9.614,639.8,0.072,0.2469,0.7149
2025-10-14T07:28:43Z,CNC-01,6373,1200,102.884,59.838,-8.356,590.2,0.9488,0.4647,0.3023
2025-10-14T07:28:43Z,CNC-01,6530,800,105.052,25.043,-16.348,437.0,0.127,0.0586,0.9447
2025-10-14T07:28:43Z,CNC-01,6347,1200,152.151,138.483,-13.848,624.5,0.9841,0.8487,0.5017
2025-10-14T07:28:43Z,CNC-01,2728,800,110.866,7.226,-4.895,503.9,0.4717,0.9514,0.475
2025-10-14T07:28:43Z,CNC-01,2744,800,63.361,134.784,-16.457,152.1,0.272,0.6717,0.4989
2025-10-14T07:28:43Z,CNC-01,5155,800,168.597,132.636,-14.111,369.7,0.7657,0.0373,0.9589
2025-10-14T07:28:43Z,CNC-01,5850,1200,63.396,78.669,-3.8,482.0,0.8226,0.3299,0.1059
2025-10-14T07:28:43Z,CNC-01,2973,1200,70.648,114.818,-15.982,446.5,0.0752,0.5051,0.2019
2025-10-14T07:28:43Z,CNC-01,6047,1200,121.042,82.62,-14.608,396.5,0.0251,0.7947,0.4979
2025-10-14T07:28:43Z,CNC-01,3112,1200,134.023,61.456,-14.429,523.5,0.8898,0.505,0.0609
2025-10-14T07:28:43Z,CNC-01,6946,1200,131.611,162.27,-18.145,133.3,0.7237,0.5051,0.9343
2025-10-14T07:28:43Z,CNC-01,6707,800,39.013,99.204,-11.597,548.1,0.9174,0.7161,0.4361
2025-10-14T07:28:43Z,CNC-01,6813,800,47.242,199.96,-15.386,265.9,0.8845,0.9442,0.0475
2025-10-14T07:28:43Z,CNC-01,6727,500,89.512,164.481,-6.458,538.6,0.1656,0.8314,0.1603
2025-10-14T07:28:43Z,CNC-01,1455,800,132.847,19.734,-11.688,187.5,0.9189,0.8529,0.6011
2025-10-14T07:28:43Z,CNC-01,5121,1200,64.279,98.855,-8.018,201.1,0.8736,0.0694,0.5962
2025-10-14T07:28:43Z,CNC-01,1177,500,84.314,16.56,-16.037,477.5,0.897,0.7777,0.065
2025-10-14T07:28:43Z,CNC-01,2469,500,164.088,155.733,-7.006,503.7,0.927,0.1871,0.3805
2025-10-14T07:28:43Z,CNC-01,6788,500,34.386,118.415,-19.613,434.1,0.3594,0.9352,0.5059
2025-10-14T07:28:43Z,CNC-01,3728,800,167.048,181.508,-16.555,492.5,0.5194,0.6447,0.7421
2025-10-14T07:28:43Z,CNC-01,5281,800,63.562,194.729,-11.506,703.2,0.6411,0.3262,0.658
2025-10-14T07:28:43Z,CNC-01,3279,800,2.853,185.227,-19.617,230.6,0.7377,0.3654,0.2031
2025-10-14T07:28:44Z,CNC-01,6616,500,185.239,189.619,-16.396,166.1,0.0901,0.8797,0.4631
2025-10-14T07:28:44Z,CNC-01,2452,500,100.707,196.886,-7.338,675.8,0.8915,0.8364,0.53
2025-10-14T07:28:44Z,CNC-01,1251,1200,117.26,96.156,-14.188,496.9,0.9787,0.4481,0.0716
2025-10-14T07:28:44Z,CNC-01,3424,1200,89.818,6.917,-12.031,680.0,0.6381,0.4676,0.3677
2025-10-14T07:28:44Z,CNC-01,2376,1200,129.285,186.432,-10.913,638.6,0.7499,0.8789,0.2237
2025-10-14T07:28:44Z,CNC-01,3324,1200,63.526,67.685,-4.122,561.3,0.2546,0.8575,0.5631
2025-10-14T07:28:44Z,CNC-01,4949,500,22.968,33.899,-10.115,582.3,0.0641,0.3382,0.415
2025-10-14T07:28:44Z,CNC-01,3064,800,60.878,83.387,-2.555,200.0,0.5637,0.2386,0.7144
2025-10-14T07:28:44Z,CNC-01,2573,1200,30.257,34.735,-4.79,149.9,0.2867,0.5592,0.6271
2025-10-14T07:28:44Z,CNC-01,2003,1200,33.138,166.711,-16.231,404.2,0.3413,0.4563,0.2933
2025-10-14T07:28:44Z,CNC-01,6159,800,156.487,49.455,-15.935,644.0,0.2615,0.6988,0.1429
2025-10-14T07:28:44Z,CNC-01,6104,1200,68.681,44.725,-17.918,563.4,0.8031,0.4341,0.1424
2025-10-14T07:28:44Z,CNC-01,5472,500,183.752,67.712,-13.441,512.4,0.8641,0.7548,0.6995
2025-10-14T07:28:44Z,CNC-01,7008,1200,147.633,182.344,-0.519,249.1,0.1427,0.1613,0.1849
2025-10-14T07:28:44Z,CNC-01,7013,1200,10.302,30.012,-14.05,498.0,0.6434,0.2353,0.1837
2025-10-14T07:28:44Z,CNC-01,5906,500,163.265,5.811,-4.028,194.5,0.2784,0.972,0.0458
2025-10-14T07:28:44Z,CNC-01,1639,500,25.106,159.414,-11.653,612.8,0.6654,0.5901,0.8841
2025-10-14T07:28:44Z,CNC-01,6410,500,85.796,42.742,-7.407,490.9,0.7026,0.9671,0.0152
2025-10-14T07:28:44Z,CNC-01,5524,800,178.539,103.423,-10.375,679.0,0.6934,0.2436,0.1095
2025-10-14T07:28:44Z,CNC-01,2558,500,111.425,111.574,-15.433,195.9,0.4436,0.7366,0.9096
2025-10-14T07:28:44Z,CNC-01,6017,800,41.134,86.569,-11.588,279.1,0.3167,0.3675,0.6591
2025-10-14T07:28:44Z,CNC-01,5650,500,136.972,66.721,-16.153,693.3,0.6323,0.3148,0.143
2025-10-14T07:28:44Z,CNC-01,5511,1200,9.591,47.604,-3.666,569.4,0.6177,0.1384,0.7501
2025-10-14T07:28:44Z,CNC-01,2898,1200,179.515,91.949,-14.701,661.0,0.323,0.3268,0.8829
2025-10-14T07:28:44Z,CNC-01,2496,500,177.67,149.155,-4.769,262.2,0.5628,0.9261,0.4192
2025-10-14T07:28:44Z,CNC-01,5798,500,190.768,151.183,-0.744,634.6,0.2081,0.3788,0.6968
2025-10-14T07:28:44Z,CNC-01,4102,800,126.668,22.945,-2.666,275.3,0.8458,0.8777,0.6619
2025-10-14T07:28:44Z,CNC-01,1171,800,179.436,74.949,-12.336,441.9,0.4887,0.8629,0.6072
2025-10-14T07:28:45Z,CNC-01,3605,1200,30.632,33.098,-11.417,779.5,0.8624,0.5729,0.9476
2025-10-14T07:28:45Z,CNC-01,2897,800,136.171,139.25,-11.421,152.4,0.8682,0.5654,0.6879
2025-10-14T07:28:45Z,CNC-01,4406,500,85.741,82.199,-10.124,370.7,0.6491,0.356,0.3315
2025-10-14T07:28:45Z,CNC-01,2932,500,85.858,122.594,-10.449,521.5,0.5905,0.2646,0.1002
2025-10-14T07:28:45Z,CNC-01,3018,800,9.366,192.001,-3.622,472.5,0.1777,0.6291,0.231
2025-10-14T07:28:45Z,CNC-01,6271,800,28.596,133.514,-13.556,527.8,0.0462,0.5794,0.5414
2025-10-14T07:28:45Z,CNC-01,2746,500,93.992,45.996,-16.195,748.5,0.625,0.2181,0.6661
2025-10-14T07:28:45Z,CNC-01,1078,800,40.309,164.678,-4.56,735.4,0.5038,0.4865,0.1245
2025-10-14T07:28:45Z,CNC-01,6411,1200,185.783,32.554,-11.351,306.5,0.2311,0.6794,0.6011
2025-10-14T07:28:45Z,CNC-01,2893,800,132.755,138.649,-4.116,605.5,0.3632,0.7701,0.2476
2025-10-14T07:28:45Z,CNC-01,6764,1200,83.39,64.177,-2.466,398.5,0.2459,0.8494,0.4363
2025-10-14T07:28:45Z,CNC-01,3285,500,134.269,189.445,-19.09,172.1,0.3824,0.6529,0.1787
2025-10-14T07:28:45Z,CNC-01,5340,1200,138.946,126.143,-1.355,287.1,0.7179,0.4197,0.4983
2025-10-14T07:28:45Z,CNC-01,2712,500,86.572,58.25,-3.79,566.6,0.5234,0.0604,0.1675
2025-10-14T07:28:45Z,CNC-01,5705,500,165.306,158.6,-17.711,135.8,0.4289,0.1394,0.7359
2025-10-14T07:28:45Z,CNC-01,4177,1200,14.882,27.248,-13.075,631.5,0.8143,0.5159,0.833
2025-10-14T07:28:45Z,CNC-01,6865,500,156.841,144.825,-12.311,339.8,0.6357,0.3576,0.3893
2025-10-14T07:28:45Z,CNC-01,1376,1200,42.592,23.646,-2.603,733.6,0.9442,0.1213,0.5782
2025-10-14T07:28:45Z,CNC-01,4663,500,44.277,189.217,-3.525,333.7,0.0232,0.0342,0.0051
2025-10-14T07:28:45Z,CNC-01,3346,1200,141.017,133.685,-2.173,290.1,0.3286,0.0938,0.5186
2025-10-14T07:28:45Z,CNC-01,5421,1200,55.5,64.349,-8.723,257.8,0.3774,0.0244,0.2093
2025-10-14T07:28:45Z,CNC-01,6771,500,23.442,161.105,-0.965,736.8,0.7083,0.1626,0.8853
2025-10-14T07:28:45Z,CNC-01,1001,500,155.052,130.311,-11.707,135.3,0.659,0.458,0.9663
2025-10-14T07:28:45Z,CNC-01,5876,800,14.416,16.32,-8.685,380.2,0.3332,0.3191,0.4811
2025-10-14T07:28:45Z,CNC-01,2043,1200,140.297,145.381,-12.574,609.9,0.7313,0.8591,0.1574
2025-10-14T07:28:46Z,CNC-01,3895,800,194.091,67.0,-7.574,127.1,0.6147,0.6334,0.6562
2025-10-14T07:28:46Z,CNC-01,6258,800,71.263,85.139,-1.998,276.5,0.943,0.183,0.3535
2025-10-14T07:28:46Z,CNC-01,4471,800,38.46,178.214,-3.009,457.1,0.7374,0.6855,0.3448
2025-10-14T07:28:46Z,CNC-01,5352,800,149.866,111.761,-4.39,423.5,0.2879,0.235,0.4531
2025-10-14T07:28:46Z,CNC-01,3698,500,143.475,177.768,-9.323,406.5,0.088,0.5092,0.3393
2025-10-14T07:28:46Z,CNC-01,1379,800,100.431,159.988,-5.718,354.3,0.502,0.0567,0.8656
2025-10-14T07:28:46Z,CNC-01,6336,1200,142.665,157.691,-5.541,367.6,0.6547,0.3077,0.9969
2025-10-14T07:28:46Z,CNC-01,3334,1200,95.486,143.281,-10.658,695.2,0.28,0.9667,0.2057
2025-10-14T07:28:46Z,CNC-01,5434,800,162.308,27.354,-10.019,452.9,0.8091,0.577,0.9497
2025-10-14T07:28:46Z,CNC-01,1404,800,88.696,151.75,-6.904,718.2,0.0988,0.355,0.72
2025-10-14T07:28:46Z,CNC-01,1072,800,76.389,54.173,-8.612,390.1,0.1265,0.8963,0.2886
2025-10-14T07:28:46Z,CNC-01,5007,800,31.611,56.928,-5.593,403.5,0.8702,0.3727,0.8466
2025-10-14T07:28:46Z,CNC-01,2138,500,140.228,51.585,-10.424,325.7,0.934,0.1218,0.7014
2025-10-14T07:28:46Z,CNC-01,1160,800,87.243,151.166,-2.963,239.3,0.7729,0.9899,0.6058
2025-10-14T07:28:46Z,CNC-01,3375,800,130.982,84.747,-15.059,601.0,0.4174,0.7858,0.6534
2025-10-14T07:28:46Z,CNC-01,1277,1200,94.898,10.917,-15.703,258.0,0.8498,0.2945,0.6469
2025-10-14T07:28:46Z,CNC-01,5475,500,120.681,153.314,-7.132,383.4,0.3059,0.1319,0.2221
2025-10-14T07:28:46Z,CNC-01,2475,800,173.174,71.963,-0.585,635.6,0.0634,0.2902,0.4567
2025-10-14T07:28:46Z,CNC-01,4474,1200,53.837,134.373,-9.322,289.5,0.8137,0.8248,0.44
2025-10-14T07:28:46Z,CNC-01,3475,1200,180.841,94.106,-17.47,212.4,0.7535,0.2064,0.5167
2025-10-14T07:28:46Z,CNC-01,5875,500,98.513,43.235,-6.858,362.0,0.1764,0.3432,0.923
2025-10-14T07:28:46Z,CNC-01,6272,1200,196.628,55.067,-2.996,736.9,0.1712,0.9652,0.9921
2025-10-14T07:28:46Z,CNC-01,2273,800,22.033,99.667,-2.201,321.9,0.8769,0.7817,0.2121
2025-10-14T07:28:46Z,CNC-01,2032,1200,82.734,79.903,-3.495,698.2,0.1489,0.6339,0.9425
2025-10-14T07:28:46Z,CNC-01,2533,800,76.451,55.638,-13.688,795.3,0.2902,0.2636,0.9579
2025-10-14T07:28:46Z,CNC-01,4456,1200,172.291,115.119,-17.543,404.4,0.3002,0.2925,0.7055
2025-10-14T07:28:46Z,CNC-01,3400,1200,50.078,175.452,-9.67,212.9,0.0492,0.8426,0.1184
2025-10-14T07:28:46Z,CNC-01,1214,800,155.989,12.671,-4.923,280.4,0.029,0.5492,0.4778
2025-10-14T07:28:46Z,CNC-01,6677,800,110.524,66.076,-0.197,194.7,0.0937,0.1438,0.1208
2025-10-14T07:28:47Z,CNC-01,5005,500,44.348,168.28,-15.058,275.8,0.7808,0.9514,0.4478
2025-10-14T07:28:47Z,CNC-01,1176,800,121.675,93.09,-4.987,157.0,0.0529,0.5538,0.0087
2025-10-14T07:28:47Z,CNC-01,1344,800,17.77,23.446,-15.021,309.4,0.147,0.7081,0.892
2025-10-14T07:28:47Z,CNC-01,6283,1200,11.699,105.569,-15.273,490.8,0.2967,0.6716,0.1934
2025-10-14T07:28:47Z,CNC-01,2482,1200,95.533,33.497,-3.193,210.8,0.2077,0.7536,0.6686
2025-10-14T07:28:47Z,CNC-01,1743,500,45.977,150.348,-18.845,270.1,0.5158,0.5058,0.6164
2025-10-14T07:28:47Z,CNC-01,3044,800,46.448,52.362,-0.925,705.1,0.9536,0.7626,0.0609
2025-10-14T07:28:47Z,CNC-01,4752,500,112.866,113.028,-10.803,608.3,0.6476,0.7415,0.874
2025-10-14T07:28:47Z,CNC-01,4085,500,138.886,17.947,-17.683,641.1,0.5157,0.8541,0.1231
2025-10-14T07:28:47Z,CNC-01,1519,800,76.26,41.861,-5.583,271.5,0.3571,0.8749,0.6297
2025-10-14T07:28:47Z,CNC-01,5677,800,71.302,49.861,-11.521,762.8,0.9557,0.2979,0.962
2025-10-14T07:28:47Z,CNC-01,5963,1200,166.937,70.067,-3.351,614.1,0.3397,0.6345,0.1202
2025-10-14T07:28:47Z,CNC-01,5185,500,122.396,61.382,-18.769,612.8,0.1074,0.0665,0.882
2025-10-14T07:28:47Z,CNC-01,2946,800,54.722,90.182,-18.471,300.7,0.4364,0.3622,0.2918
2025-10-14T07:28:47Z,CNC-01,2138,800,27.269,49.977,-5.857,369.8,0.1614,0.6107,0.8496
2025-10-14T07:28:47Z,CNC-01,2241,1200,44.918,26.729,-14.871,799.7,0.2392,0.5783,0.0795
2025-10-14T07:28:47Z,CNC-01,4506,500,39.93,86.049,-18.339,719.8,0.3669,0.5641,0.517
2025-10-14T07:28:47Z,CNC-01,6943,1200,80.939,123.342,-3.861,726.8,0.1353,0.0319,0.1384
2025-10-14T07:28:47Z,CNC-01,5466,500,52.201,62.795,-11.852,499.5,0.346,0.7146,0.6541
2025-10-14T07:28:47Z,CNC-01,3543,1200,34.058,99.051,-17.916,305.6,0.0034,0.1816,0.3039
2025-10-14T07:28:47Z,CNC-01,3698,500,71.605,152.958,-8.504,345.6,0.6766,0.959,0.4802
2025-10-14T07:28:47Z,CNC-01,3039,500,120.75,172.364,-19.991,513.6,0.3632,0.1252,0.1727
2025-10-14T07:28:47Z,CNC-01,4653,1200,157.916,173.452,-5.246,468.7,0.6671,0.5928,0.3666
2025-10-14T07:28:47Z,CNC-01,2666,1200,31.259,144.478,-3.41,797.7,0.8946,0.3077,0.782
2025-10-14T07:28:47Z,CNC-01,2393,800,42.229,132.121,-18.485,102.2,0.9456,0.2337,0.0555
2025-10-14T07:28:47Z,CNC-01,5268,500,25.994,27.152,-8.562,226.5,0.9374,0.156,0.7362
2025-10-14T07:28:47Z,CNC-01,2414,500,15.379,164.578,-1.145,473.7,0.8074,0.9439,0.2424
2025-10-14T07:28:47Z,CNC-01,3317,500,76.335,151.412,-10.93,234.5,0.3511,0.7022,0.3585
2025-10-14T07:28:47Z,CNC-01,2114,800,77.531,32.913,-11.939,551.1,0.1268,0.6587,0.6723
2025-10-14T07:28:47Z,CNC-01,1959,500,163.461,7.298,-0.348,101.5,0.5718,0.7465,0.8354
2025-10-14T07:28:47Z,CNC-01,3208,500,157.377,76.001,-1.503,395.5,0.6358,0.9863,0.038
2025-10-14T07:28:48Z,CNC-01,5493,1200,40.743,139.987,-11.732,615.2,0.4765,0.329,0.7476
2025-10-14T07:28:48Z,CNC-01,1659,1200,84.426,168.733,-14.786,205.7,0.077,0.2928,0.4923
2025-10-14T07:28:48Z,CNC-01,7127,500,37.702,113.249,-5.072,422.0,0.1296,0.9654,0.157
2025-10-14T07:28:48Z,CNC-01,3227,1200,84.164,36.765,-6.415,541.8,0.5144,0.2278,0.916
2025-10-14T07:28:48Z,CNC-01,1085,1200,188.839,176.656,-3.354,255.0,0.2385,0.8042,0.9644
2025-10-14T07:28:48Z,CNC-01,2850,500,46.47,20.181,-4.901,677.7,0.0948,0.2741,0.1918
2025-10-14T07:28:48Z,CNC-01,1837,800,91.519,56.109,-5.929,638.9,0.3225,0.671,0.5868
2025-10-14T07:28:48Z,CNC-01,7056,500,187.187,152.375,-3.205,435.9,0.0878,0.3089,0.6854
2025-10-14T07:28:48Z,CNC-01,5402,1200,109.811,166.592,-12.382,570.1,0.9443,0.6558,0.2998
2025-10-14T07:28:48Z,CNC-01,6711,500,55.806,59.398,-17.718,287.2,0.8932,0.2774,0.8955
2025-10-14T07:28:48Z,CNC-01,5993,1200,180.586,103.575,-3.983,272.6,0.5628,0.1829,0.3035
2025-10-14T07:28:48Z,CNC-01,4484,500,158.643,87.103,-12.383,723.4,0.7544,0.695,0.8546
2025-10-14T07:28:48Z,CNC-01,3840,800,85.101,138.799,-9.414,408.7,0.7784,0.4454,0.9228
2025-10-14T07:28:48Z,CNC-01,5402,800,193.559,149.445,-3.917,516.5,0.3656,0.2984,0.874
2025-10-14T07:28:48Z,CNC-01,2935,800,1.974,138.277,-12.794,371.6,0.2969,0.2379,0.1652
2025-10-14T07:28:48Z,CNC-01,2269,500,55.379,196.15,-12.006,105.9,0.1521,0.5834,0.2538
2025-10-14T07:28:48Z,CNC-01,3738,1200,139.911,129.152,-1.818,555.5,0.0047,0.8488,0.5777
2025-10-14T07:28:48Z,CNC-01,4300,500,45.125,10.402,-14.054,679.5,0.987,0.1612,0.9108
2025-10-14T07:28:48Z,CNC-01,7096,1200,193.127,28.131,-15.828,100.8,0.5832,0.6719,0.4738
2025-10-14T07:28:48Z,CNC-01,3799,800,91.988,64.473,-16.389,251.8,0.4836,0.4071,0.1739
2025-10-14T07:28:48Z,CNC-01,1567,500,102.123,87.343,-6.328,555.6,0.8882,0.8361,0.9217
2025-10-14T07:28:48Z,CNC-01,5843,800,69.695,134.986,-8.615,525.1,0.5086,0.4536,0.7127
2025-10-14T07:28:48Z,CNC-01,5411,1200,95.149,70.936,-19.592,146.7,0.3368,0.9753,0.812
2025-10-14T07:28:48Z,CNC-01,3559,500,27.527,48.432,-7.719,154.5,0.0284,0.8913,0.672
2025-10-14T07:28:48Z,CNC-01,6637,800,10.391,80.053,-18.556,576.0,0.236,0.0944,0.7668
2025-10-14T07:28:48Z,CNC-01,2904,1200,186.566,13.227,-6.177,319.2,0.1846,0.2541,0.6172
2025-10-14T07:28:48Z,CNC-01,5922,500,82.54,185.416,-17.212,200.6,0.1636,0.246,0.3186
2025-10-14T07:28:48Z,CNC-01,5780,500,130.898,102.583,-1.846,291.7,0.8766,0.8623,0.415
2025-10-14T07:28:48Z,CNC-01,3103,500,66.743,188.166,-16.151,450.2,0.1857,0.6651,0.4377
2025-10-14T07:28:48Z,CNC-01,5664,800,19.126,165.388,-9.434,631.1,0.1674,0.2481,0.0535
2025-10-14T07:28:49Z,CNC-01,2935,800,8.61,97.621,-9.453,358.5,0.0344,0.8687,0.1003
2025-10-14T07:28:49Z,CNC-01,4830,500,75.743,62.17,-10.979,322.9,0.1673,0.9828,0.5871
2025-10-14T07:28:49Z,CNC-01,6658,1200,166.129,3.993,-9.039,758.4,0.5156,0.2825,0.2854
2025-10-14T07:28:49Z,CNC-01,2976,800,181.701,26.967,-13.313,555.4,0.0778,0.2279,0.2762
2025-10-14T07:28:49Z,CNC-01,4064,500,136.068,2.34,-3.569,120.7,0.4659,0.2695,0.502
2025-10-14T07:28:49Z,CNC-01,6387,800,149.246,47.84,-17.303,600.1,0.1258,0.3593,0.9902
2025-10-14T07:28:49Z,CNC-01,3893,800,152.895,137.358,-18.117,649.0,0.2837,0.1665,0.7915
2025-10-14T07:28:49Z,CNC-01,3144,500,184.235,178.661,-2.859,146.8,0.5457,0.882,0.2777
2025-10-14T07:28:49Z,CNC-01,1437,800,68.23,133.248,-15.696,533.0,0.2394,0.6235,0.6299
2025-10-14T07:28:49Z,CNC-01,3913,1200,5.416,107.477,-3.025,358.5,0.7223,0.6237,0.3207
2025-10-14T07:28:49Z,CNC-01,6614,800,166.901,17.708,-2.458,391.5,0.1661,0.3859,0.9336
2025-10-14T07:28:49Z,CNC-01,1421,500,135.265,90.429,-2.084,697.8,0.5367,0.2554,0.3209
2025-10-14T07:28:49Z,CNC-01,1388,800,105.549,114.322,-10.699,797.5,0.3275,0.4052,0.338
2025-10-14T07:28:49Z,CNC-01,2483,800,11.043,159.664,-0.931,563.9,0.9077,0.082,0.0735
2025-10-14T07:28:49Z,CNC-01,3936,800,147.027,20.851,-6.204,767.5,0.665,0.4389,0.0954
2025-10-14T07:28:49Z,CNC-01,2964,800,64.899,151.516,-9.197,426.4,0.0505,0.6143,0.5866
2025-10-14T07:28:49Z,CNC-01,2698,1200,45.613,154.277,-14.907,531.6,0.0832,0.5985,0.9733
2025-10-14T07:28:49Z,CNC-01,1065,800,156.965,178.969,-19.752,446.5,0.7903,0.9443,0.4446
2025-10-14T07:28:49Z,CNC-01,2925,800,79.277,119.938,-11.851,208.1,0.2673,0.1865,0.0395
2025-10-14T07:28:49Z,CNC-01,3583,1200,45.541,121.548,-2.364,757.0,0.7674,0.1715,0.677
2025-10-14T07:28:49Z,CNC-01,1208,1200,135.274,7.939,-10.306,549.7,0.3227,0.0582,0.4924
2025-10-14T07:28:49Z,CNC-01,4634,500,42.934,197.006,-11.223,652.8,0.9467,0.877,0.5834
2025-10-14T07:28:49Z,CNC-01,6785,800,139.188,128.735,-14.861,583.1,0.6463,0.688,0.5089
2025-10-14T07:28:49Z,CNC-01,2277,800,184.105,131.045,-17.654,505.0,0.1904,0.5682,0.9152
2025-10-14T07:28:49Z,CNC-01,6216,500,97.926,193.335,-4.832,104.3,0.5605,0.407,0.0781
2025-10-14T07:28:49Z,CNC-01,6750,800,10.014,7.416,-5.738,110.5,0.6714,0.8239,0.5956
2025-10-14T07:28:49Z,CNC-01,3691,800,52.37,110.985,-11.322,356.6,0.2754,0.2656,0.151
2025-10-14T07:28:49Z,CNC-01,4041,1200,36.85,147.706,-4.601,229.9,0.5617,0.9817,0.2415
2025-10-14T07:28:49Z,CNC-01,2820,1200,117.223,82.065,-7.601,524.6,0.7193,0.8429,0.2837
2025-10-14T07:28:49Z,CNC-01,1482,800,70.852,164.022,-13.895,736.2,0.5272,0.8401,0.7806
2025-10-14T07:28:50Z,CNC-01,1921,500,107.074,40.513,-19.695,716.6,0.9128,0.6773,0.6599
2025-10-14T07:28:50Z,CNC-01,1609,500,147.919,67.394,-4.4,444.9,0.3244,0.9863,0.5938
2025-10-14T07:28:50Z,CNC-01,4166,800,165.647,130.792,-5.796,364.9,0.2252,0.4956,0.3327
2025-10-14T07:28:50Z,CNC-01,2844,800,108.861,135.776,-14.216,571.7,0.7276,0.9155,0.4996
2025-10-14T07:28:50Z,CNC-01,3593,500,59.132,27.378,-11.205,565.5,0.0451,0.6617,0.3454
2025-10-14T07:28:50Z,CNC-01,4927,800,124.719,175.005,-2.116,729.2,0.4829,0.2171,0.4565
2025-10-14T07:28:50Z,CNC-01,1130,500,137.709,136.684,-1.505,456.4,0.1427,0.9473,0.0144
2025-10-14T07:28:50Z,CNC-01,6140,1200,186.744,78.516,-8.154,777.6,0.4811,0.3226,0.6708
2025-10-14T07:28:50Z,CNC-01,1670,500,5.535,91.661,-13.107,782.2,0.0926,0.6745,0.179
2025-10-14T07:28:50Z,CNC-01,5841,800,182.895,158.876,-16.753,143.3,0.4884,0.6231,0.0503
2025-10-14T07:28:50Z,CNC-01,2158,1200,35.585,40.869,-19.484,521.9,0.6132,0.4447,0.0044
2025-10-14T07:28:50Z,CNC-01,4665,1200,93.009,173.001,-6.715,444.8,0.5678,0.3054,0.5469
2025-10-14T07:28:50Z,CNC-01,4183,1200,143.4,108.192,-16.958,646.9,0.5499,0.9063,0.5335
2025-10-14T07:28:50Z,CNC-01,5604,500,71.437,57.056,-17.041,575.2,0.3354,0.4439,0.7836
2025-10-14T07:28:50Z,CNC-01,2419,800,8.742,138.382,-15.599,763.3,0.4456,0.7196,0.4176
2025-10-14T07:28:50Z,CNC-01,1513,500,127.132,88.561,-10.303,798.4,0.1763,0.5262,0.4481
2025-10-14T07:28:50Z,CNC-01,5854,800,106.05,31.607,-14.301,786.9,0.1507,0.5261,0.224
2025-10-14T07:28:50Z,CNC-01,5049,1200,66.48,115.603,-3.128,638.2,0.0192,0.5083,0.6663
2025-10-14T07:28:50Z,CNC-01,1981,500,96.214,32.496,-8.166,154.1,0.5125,0.809,0.3692
2025-10-14T07:28:50Z,CNC-01,5642,500,183.423,56.807,-7.617,315.1,0.9825,0.444,0.2057
2025-10-14T07:28:50Z,CNC-01,2940,1200,31.97,89.462,-12.501,781.6,0.8157,0.6387,0.2007
2025-10-14T07:28:50Z,CNC-01,3142,800,130.244,119.029,-5.932,781.4,0.0458,0.6208,0.6098
2025-10-14T07:28:50Z,CNC-01,2564,500,98.169,90.159,-9.325,752.0,0.3948,0.114,0.4493
2025-10-14T07:28:50Z,CNC-01,5348,800,71.593,37.04,-8.954,765.5,0.242,0.4792,0.0735
2025-10-14T07:34:54Z,CNC-01,2122,500,74.303,182.331,-13.915,419.4,0.2177,0.9313,0.8746
2025-10-14T07:34:54Z,CNC-01,2053,800,50.944,66.506,-8.861,685.3,0.8019,0.1231,0.2058
2025-10-14T07:34:54Z,CNC-01,2245,800,147.405,193.776,-14.406,152.4,0.6826,0.8211,0.0913
2025-10-14T07:34:54Z,CNC-01,6125,800,87.22,159.629,-11.316,737.6,0.6862,0.5532,0.2567
2025-10-14T07:34:54Z,CNC-01,5914,800,172.667,109.288,-18.767,529.7,0.2736,0.5589,0.377
2025-10-14T07:34:54Z,CNC-01,4428,500,117.326,140.192,-8.504,546.3,0.2441,0.7685,0.5347
2025-10-14T07:34:55Z,CNC-01,5660,1200,46.116,102.056,-1.665,574.5,0.9451,0.9279,0.5726
2025-10-14T07:34:55Z,CNC-01,6010,1200,37.989,17.952,-6.582,481.2,0.123,0.0494,0.174
2025-10-14T07:34:55Z,CNC-01,5636,500,109.403,177.15,-19.232,670.0,0.2284,0.5928,0.4202
2025-10-14T07:34:55Z,CNC-01,4616,1200,5.11,136.663,-3.099,220.2,0.302,0.5524,0.2527
